<!--
    Input:
        manifest_redwoodgl.xml
        manifest_ds.xml
        manifest_nfc.xml
-->
<manifest version="2.0" type="device" target-level="5">
    <hal format="hidl">
        <name>android.hardware.nfc</name>
        <transport>hwbinder</transport>
        <version>1.2</version>
        <interface>
            <name>INfc</name>
            <instance>default</instance>
        </interface>
        <fqname>@1.2::INfc/default</fqname>
    </hal>
    <hal format="hidl">
        <name>android.hardware.radio</name>
        <transport>hwbinder</transport>
        <fqname>@1.2::ISap/slot1</fqname>
        <fqname>@1.2::ISap/slot2</fqname>
        <fqname>@1.5::IRadio/slot1</fqname>
        <fqname>@1.5::IRadio/slot2</fqname>
    </hal>
    <hal format="hidl">
        <name>android.hardware.secure_element</name>
        <transport>hwbinder</transport>
        <version>1.2</version>
        <interface>
            <name>ISecureElement</name>
            <instance>SIM1</instance>
            <instance>eSE1</instance>
        </interface>
        <fqname>@1.2::ISecureElement/SIM1</fqname>
        <fqname>@1.2::ISecureElement/eSE1</fqname>
    </hal>
    <hal format="hidl">
        <name>vendor.nxp.hardware.nfc</name>
        <transport>hwbinder</transport>
        <version>2.0</version>
        <interface>
            <name>INqNfc</name>
            <instance>default</instance>
        </interface>
        <fqname>@2.0::INqNfc/default</fqname>
    </hal>
    <hal format="hidl">
        <name>vendor.qti.hardware.data.connection</name>
        <transport>hwbinder</transport>
        <version>1.1</version>
        <interface>
            <name>IDataConnection</name>
            <instance>slot1</instance>
            <instance>slot2</instance>
        </interface>
        <fqname>@1.1::IDataConnection/slot1</fqname>
        <fqname>@1.1::IDataConnection/slot2</fqname>
    </hal>
    <hal format="hidl">
        <name>vendor.qti.hardware.data.iwlan</name>
        <transport>hwbinder</transport>
        <version>1.0</version>
        <interface>
            <name>IIWlan</name>
            <instance>slot1</instance>
            <instance>slot2</instance>
        </interface>
        <fqname>@1.0::IIWlan/slot1</fqname>
        <fqname>@1.0::IIWlan/slot2</fqname>
    </hal>
    <hal format="hidl">
        <name>vendor.qti.hardware.radio.am</name>
        <transport>hwbinder</transport>
        <version>1.0</version>
        <interface>
            <name>IQcRilAudio</name>
            <instance>slot1</instance>
            <instance>slot2</instance>
        </interface>
        <fqname>@1.0::IQcRilAudio/slot1</fqname>
        <fqname>@1.0::IQcRilAudio/slot2</fqname>
    </hal>
    <hal format="hidl">
        <name>vendor.qti.hardware.radio.ims</name>
        <transport>hwbinder</transport>
        <version>1.7</version>
        <interface>
            <name>IImsRadio</name>
            <instance>imsradio0</instance>
            <instance>imsradio1</instance>
        </interface>
        <fqname>@1.7::IImsRadio/imsradio0</fqname>
        <fqname>@1.7::IImsRadio/imsradio1</fqname>
    </hal>
    <hal format="hidl">
        <name>vendor.qti.hardware.radio.lpa</name>
        <transport>hwbinder</transport>
        <version>1.1</version>
        <interface>
            <name>IUimLpa</name>
            <instance>UimLpa0</instance>
            <instance>UimLpa1</instance>
        </interface>
        <fqname>@1.1::IUimLpa/UimLpa0</fqname>
        <fqname>@1.1::IUimLpa/UimLpa1</fqname>
    </hal>
    <hal format="hidl">
        <name>vendor.qti.hardware.radio.qcrilhook</name>
        <transport>hwbinder</transport>
        <version>1.0</version>
        <interface>
            <name>IQtiOemHook</name>
            <instance>oemhook0</instance>
            <instance>oemhook1</instance>
        </interface>
        <fqname>@1.0::IQtiOemHook/oemhook0</fqname>
        <fqname>@1.0::IQtiOemHook/oemhook1</fqname>
    </hal>
    <hal format="hidl">
        <name>vendor.qti.hardware.radio.qtiradio</name>
        <transport>hwbinder</transport>
        <version>1.0</version>
        <interface>
            <name>IQtiRadio</name>
            <instance>slot1</instance>
            <instance>slot2</instance>
        </interface>
        <fqname>@1.0::IQtiRadio/slot1</fqname>
        <fqname>@1.0::IQtiRadio/slot2</fqname>
    </hal>
    <hal format="hidl">
        <name>vendor.qti.hardware.radio.qtiradio</name>
        <transport>hwbinder</transport>
        <version>2.6</version>
        <interface>
            <name>IQtiRadio</name>
            <instance>slot1</instance>
            <instance>slot2</instance>
        </interface>
        <fqname>@2.6::IQtiRadio/slot1</fqname>
        <fqname>@2.6::IQtiRadio/slot2</fqname>
    </hal>
    <hal format="hidl">
        <name>vendor.qti.hardware.radio.uim</name>
        <transport>hwbinder</transport>
        <version>1.2</version>
        <interface>
            <name>IUim</name>
            <instance>Uim0</instance>
            <instance>Uim1</instance>
        </interface>
        <fqname>@1.2::IUim/Uim0</fqname>
        <fqname>@1.2::IUim/Uim1</fqname>
    </hal>
    <hal format="hidl">
        <name>vendor.qti.hardware.radio.uim_remote_client</name>
        <transport>hwbinder</transport>
        <version>1.0</version>
        <interface>
            <name>IUimRemoteServiceClient</name>
            <instance>uimRemoteClient0</instance>
            <instance>uimRemoteClient1</instance>
        </interface>
        <fqname>@1.0::IUimRemoteServiceClient/uimRemoteClient0</fqname>
        <fqname>@1.0::IUimRemoteServiceClient/uimRemoteClient1</fqname>
    </hal>
    <hal format="hidl">
        <name>vendor.qti.hardware.radio.uim_remote_server</name>
        <transport>hwbinder</transport>
        <version>1.0</version>
        <interface>
            <name>IUimRemoteServiceServer</name>
            <instance>uimRemoteServer0</instance>
            <instance>uimRemoteServer1</instance>
        </interface>
        <fqname>@1.0::IUimRemoteServiceServer/uimRemoteServer0</fqname>
        <fqname>@1.0::IUimRemoteServiceServer/uimRemoteServer1</fqname>
    </hal>
    <kernel target-level="5"/>
</manifest>
